{"cameraMode":{"drawMode":0,"name":"Shaded","section":"Shading Mode"},"sceneLighting":true,"audioPlay":false,"sceneViewState":{"showFog":true,"showMaterialUpdate":false,"showSkybox":true,"showFlares":true,"showImageEffects":true,"showParticleSystems":true},"in2DMode":false,"pivot":{"x":0.41539204120635989,"y":0.08106732368469238,"z":-0.3880155086517334},"rotation":{"x":0.1528511345386505,"y":-0.18735836446285249,"z":0.029523056000471116,"w":0.9698963165283203},"size":10.138628959655762,"orthographic":false}